id,team,opponent
1,Phoenix Suns,Utah Jazz
2,Utah Jazz,Phoenix Suns
3,Philadelphia 76ers,Orlando Magic
4,Orlando Magic,Philadelphia 76ers
5,New Orleans Pelicans,Oklahoma City Thunder
6,Oklahoma City Thunder,New Orleans Pelicans
7,Sacramento Kings,Houston Rockets
8,Houston Rockets,Sacramento Kings
9,Chicago Bulls,Washington Wizards
10,Washington Wizards,Chicago Bulls
11,Cleveland Cavaliers,Indiana Pacers
12,Indiana Pacers,Cleveland Cavaliers
13,New York Knicks,Toronto Raptors
14,Toronto Raptors,New York Knicks
15,Los Angeles Lakers,San Antonio Spurs
16,San Antonio Spurs,Los Angeles Lakers
17,Portland Trail Blazers,Los Angeles Clippers
18,Los Angeles Clippers,Portland Trail Blazers
19,Charlotte Hornets,Dallas Mavericks
20,Dallas Mavericks,Charlotte Hornets
21,Atlanta Hawks,Brooklyn Nets
22,Brooklyn Nets,Atlanta Hawks
23,Memphis Grizzlies,Boston Celtics
24,Boston Celtics,Memphis Grizzlies
25,Milwaukee Bucks,Miami Heat
26,Miami Heat,Milwaukee Bucks
27,New Orleans Pelicans,Phoenix Suns
28,Phoenix Suns,New Orleans Pelicans
29,New York Knicks,Cleveland Cavaliers
30,Cleveland Cavaliers,New York Knicks
31,Denver Nuggets,Sacramento Kings
32,Sacramento Kings,Denver Nuggets
33,Golden State Warriors,Detroit Pistons
34,Detroit Pistons,Golden State Warriors
35,Orlando Magic,Oklahoma City Thunder
36,Oklahoma City Thunder,Orlando Magic
37,Minnesota Timberwolves,Los Angeles Clippers
38,Los Angeles Clippers,Minnesota Timberwolves
39,Toronto Raptors,Philadelphia 76ers
40,Philadelphia 76ers,Toronto Raptors
41,Boston Celtics,Indiana Pacers
42,Indiana Pacers,Boston Celtics
43,Detroit Pistons,Atlanta Hawks
44,Atlanta Hawks,Detroit Pistons
45,Portland Trail Blazers,Los Angeles Lakers
46,Los Angeles Lakers,Portland Trail Blazers
47,Memphis Grizzlies,Brooklyn Nets
48,Brooklyn Nets,Memphis Grizzlies
49,Houston Rockets,Denver Nuggets
50,Denver Nuggets,Houston Rockets
51,Utah Jazz,Oklahoma City Thunder
52,Oklahoma City Thunder,Utah Jazz
53,Phoenix Suns,Sacramento Kings
54,Sacramento Kings,Phoenix Suns
55,San Antonio Spurs,New Orleans Pelicans
56,New Orleans Pelicans,San Antonio Spurs
57,Orlando Magic,Washington Wizards
58,Washington Wizards,Orlando Magic
59,Brooklyn Nets,Charlotte Hornets
60,Charlotte Hornets,Brooklyn Nets
61,Golden State Warriors,Chicago Bulls
62,Chicago Bulls,Golden State Warriors
63,Minnesota Timberwolves,Los Angeles Lakers
64,Los Angeles Lakers,Minnesota Timberwolves
65,Dallas Mavericks,Los Angeles Clippers
66,Los Angeles Clippers,Dallas Mavericks
67,Milwaukee Bucks,New York Knicks
68,New York Knicks,Milwaukee Bucks
69,Philadelphia 76ers,Cleveland Cavaliers
70,Cleveland Cavaliers,Philadelphia 76ers
71,Cleveland Cavaliers,Detroit Pistons
72,Detroit Pistons,Cleveland Cavaliers
73,Houston Rockets,Portland Trail Blazers
74,Portland Trail Blazers,Houston Rockets
75,Indiana Pacers,Chicago Bulls
76,Chicago Bulls,Indiana Pacers
77,Atlanta Hawks,Memphis Grizzlies
78,Memphis Grizzlies,Atlanta Hawks
79,Minnesota Timberwolves,Utah Jazz
80,Utah Jazz,Minnesota Timberwolves
81,Toronto Raptors,San Antonio Spurs
82,San Antonio Spurs,Toronto Raptors
83,Philadelphia 76ers,New York Knicks
84,New York Knicks,Philadelphia 76ers
85,Oklahoma City Thunder,Charlotte Hornets
86,Charlotte Hornets,Oklahoma City Thunder
87,Los Angeles Clippers,Denver Nuggets
88,Denver Nuggets,Los Angeles Clippers
89,New Orleans Pelicans,Miami Heat
90,Miami Heat,New Orleans Pelicans
91,Brooklyn Nets,Boston Celtics
92,Boston Celtics,Brooklyn Nets
93,Dallas Mavericks,Los Angeles Lakers
94,Los Angeles Lakers,Dallas Mavericks
95,Golden State Warriors,Milwaukee Bucks
96,Milwaukee Bucks,Golden State Warriors
97,Utah Jazz,Portland Trail Blazers
98,Portland Trail Blazers,Utah Jazz
99,Milwaukee Bucks,Boston Celtics
100,Boston Celtics,Milwaukee Bucks
101,Atlanta Hawks,Chicago Bulls
102,Chicago Bulls,Atlanta Hawks
103,Charlotte Hornets,Cleveland Cavaliers
104,Cleveland Cavaliers,Charlotte Hornets
105,Washington Wizards,Philadelphia 76ers
106,Philadelphia 76ers,Washington Wizards
107,New York Knicks,Indiana Pacers
108,Indiana Pacers,New York Knicks
109,San Antonio Spurs,Memphis Grizzlies
110,Memphis Grizzlies,San Antonio Spurs
111,Detroit Pistons,Minnesota Timberwolves
112,Minnesota Timberwolves,Detroit Pistons
113,New Orleans Pelicans,Toronto Raptors
114,Toronto Raptors,New Orleans Pelicans
115,Miami Heat,Orlando Magic
116,Orlando Magic,Miami Heat
117,Dallas Mavericks,Phoenix Suns
118,Phoenix Suns,Dallas Mavericks
119,Los Angeles Clippers,Los Angeles Lakers
120,Los Angeles Lakers,Los Angeles Clippers
121,Golden State Warriors,Brooklyn Nets
122,Brooklyn Nets,Golden State Warriors
123,Los Angeles Lakers,Miami Heat
124,Miami Heat,Los Angeles Lakers
125,Boston Celtics,Miami Heat
126,Miami Heat,Boston Celtics
127,Denver Nuggets,Los Angeles Lakers
128,Los Angeles Lakers,Denver Nuggets
129,Houston Rockets,Los Angeles Lakers
130,Los Angeles Lakers,Houston Rockets
131,Boston Celtics,Toronto Raptors
132,Toronto Raptors,Boston Celtics
133,Oklahoma City Thunder,Houston Rockets
134,Houston Rockets,Oklahoma City Thunder
135,Utah Jazz,Denver Nuggets
136,Denver Nuggets,Utah Jazz
137,Orlando Magic,Milwaukee Bucks
138,Milwaukee Bucks,Orlando Magic
139,Indiana Pacers,Miami Heat
140,Miami Heat,Indiana Pacers
141,Toronto Raptors,Brooklyn Nets
142,Brooklyn Nets,Toronto Raptors
143,Boston Celtics,Philadelphia 76ers
144,Philadelphia 76ers,Boston Celtics
145,Memphis Grizzlies,Portland Trail Blazers
146,Portland Trail Blazers,Memphis Grizzlies
147,Oklahoma City Thunder,Los Angeles Clippers
148,Los Angeles Clippers,Oklahoma City Thunder
149,Denver Nuggets,Toronto Raptors
150,Toronto Raptors,Denver Nuggets
151,Philadelphia 76ers,Houston Rockets
152,Houston Rockets,Philadelphia 76ers
153,New Orleans Pelicans,Orlando Magic
154,Orlando Magic,New Orleans Pelicans
155,Washington Wizards,Boston Celtics
156,Boston Celtics,Washington Wizards
157,San Antonio Spurs,Utah Jazz
158,Utah Jazz,San Antonio Spurs
159,Sacramento Kings,Los Angeles Lakers
160,Los Angeles Lakers,Sacramento Kings
161,Milwaukee Bucks,Memphis Grizzlies
162,Memphis Grizzlies,Milwaukee Bucks
163,Portland Trail Blazers,Brooklyn Nets
164,Brooklyn Nets,Portland Trail Blazers
165,Indiana Pacers,Houston Rockets
166,Houston Rockets,Indiana Pacers
167,Miami Heat,Oklahoma City Thunder
168,Oklahoma City Thunder,Miami Heat
169,Houston Rockets,San Antonio Spurs
170,San Antonio Spurs,Houston Rockets
171,Phoenix Suns,Philadelphia 76ers
172,Philadelphia 76ers,Phoenix Suns
173,Portland Trail Blazers,Dallas Mavericks
174,Dallas Mavericks,Portland Trail Blazers
175,Milwaukee Bucks,Washington Wizards
176,Washington Wizards,Milwaukee Bucks
177,New Orleans Pelicans,Sacramento Kings
178,Sacramento Kings,New Orleans Pelicans
179,Brooklyn Nets,Orlando Magic
180,Orlando Magic,Brooklyn Nets
181,Oklahoma City Thunder,Phoenix Suns
182,Phoenix Suns,Oklahoma City Thunder
183,Dallas Mavericks,Utah Jazz
184,Utah Jazz,Dallas Mavericks
185,Toronto Raptors,Milwaukee Bucks
186,Milwaukee Bucks,Toronto Raptors
187,Washington Wizards,Oklahoma City Thunder
188,Oklahoma City Thunder,Washington Wizards
189,Memphis Grizzlies,Toronto Raptors
190,Toronto Raptors,Memphis Grizzlies
191,Philadelphia 76ers,Portland Trail Blazers
192,Portland Trail Blazers,Philadelphia 76ers
193,Brooklyn Nets,Los Angeles Clippers
194,Los Angeles Clippers,Brooklyn Nets
195,Orlando Magic,Boston Celtics
196,Boston Celtics,Orlando Magic
197,Milwaukee Bucks,Dallas Mavericks
198,Dallas Mavericks,Milwaukee Bucks
199,Los Angeles Lakers,Indiana Pacers
200,Indiana Pacers,Los Angeles Lakers
201,Phoenix Suns,Miami Heat
202,Miami Heat,Phoenix Suns
203,Washington Wizards,New Orleans Pelicans
204,New Orleans Pelicans,Washington Wizards
205,Sacramento Kings,Brooklyn Nets
206,Brooklyn Nets,Sacramento Kings
207,Oklahoma City Thunder,Memphis Grizzlies
208,Memphis Grizzlies,Oklahoma City Thunder
209,Portland Trail Blazers,Denver Nuggets
210,Denver Nuggets,Portland Trail Blazers
211,Indiana Pacers,Phoenix Suns
212,Phoenix Suns,Indiana Pacers
213,Toronto Raptors,Orlando Magic
214,Orlando Magic,Toronto Raptors
215,Memphis Grizzlies,Utah Jazz
216,Utah Jazz,Memphis Grizzlies
217,Oklahoma City Thunder,Los Angeles Lakers
218,Los Angeles Lakers,Oklahoma City Thunder
219,Denver Nuggets,San Antonio Spurs
220,San Antonio Spurs,Denver Nuggets
221,Dallas Mavericks,Sacramento Kings
222,Sacramento Kings,Dallas Mavericks
223,Phoenix Suns,Los Angeles Clippers
224,Los Angeles Clippers,Phoenix Suns
225,Orlando Magic,Indiana Pacers
226,Indiana Pacers,Orlando Magic
227,Brooklyn Nets,Milwaukee Bucks
228,Milwaukee Bucks,Brooklyn Nets
229,Los Angeles Lakers,Utah Jazz
230,Utah Jazz,Los Angeles Lakers
231,Toronto Raptors,Miami Heat
232,Miami Heat,Toronto Raptors
233,Memphis Grizzlies,New Orleans Pelicans
234,New Orleans Pelicans,Memphis Grizzlies
235,San Antonio Spurs,Philadelphia 76ers
236,Philadelphia 76ers,San Antonio Spurs
237,Indiana Pacers,Washington Wizards
238,Washington Wizards,Indiana Pacers
239,Denver Nuggets,Oklahoma City Thunder
240,Oklahoma City Thunder,Denver Nuggets
241,Milwaukee Bucks,Houston Rockets
242,Houston Rockets,Milwaukee Bucks
243,Washington Wizards,Brooklyn Nets
244,Brooklyn Nets,Washington Wizards
245,Sacramento Kings,Orlando Magic
246,Orlando Magic,Sacramento Kings
247,Portland Trail Blazers,Boston Celtics
248,Boston Celtics,Portland Trail Blazers
249,Philadelphia 76ers,Indiana Pacers
250,Indiana Pacers,Philadelphia 76ers
251,Los Angeles Lakers,Toronto Raptors
252,Toronto Raptors,Los Angeles Lakers
253,New Orleans Pelicans,Los Angeles Clippers
254,Los Angeles Clippers,New Orleans Pelicans
255,Miami Heat,Denver Nuggets
256,Denver Nuggets,Miami Heat
257,Phoenix Suns,Washington Wizards
258,Washington Wizards,Phoenix Suns
259,Houston Rockets,Dallas Mavericks
260,Dallas Mavericks,Houston Rockets
261,Sacramento Kings,San Antonio Spurs
262,San Antonio Spurs,Sacramento Kings
263,Utah Jazz,New Orleans Pelicans
264,New Orleans Pelicans,Utah Jazz
265,Detroit Pistons,Philadelphia 76ers
266,Philadelphia 76ers,Detroit Pistons
267,Denver Nuggets,Dallas Mavericks
268,Dallas Mavericks,Denver Nuggets
269,Charlotte Hornets,Miami Heat
270,Miami Heat,Charlotte Hornets
271,New York Knicks,Atlanta Hawks
272,Atlanta Hawks,New York Knicks
273,Cleveland Cavaliers,Chicago Bulls
274,Chicago Bulls,Cleveland Cavaliers
275,Los Angeles Clippers,Golden State Warriors
276,Golden State Warriors,Los Angeles Clippers
277,Dallas Mavericks,San Antonio Spurs
278,San Antonio Spurs,Dallas Mavericks
279,New York Knicks,Washington Wizards
280,Washington Wizards,New York Knicks
281,Orlando Magic,Memphis Grizzlies
282,Memphis Grizzlies,Orlando Magic
283,Phoenix Suns,Portland Trail Blazers
284,Portland Trail Blazers,Phoenix Suns
285,Brooklyn Nets,Los Angeles Lakers
286,Los Angeles Lakers,Brooklyn Nets
287,Minnesota Timberwolves,Houston Rockets
288,Houston Rockets,Minnesota Timberwolves
289,Milwaukee Bucks,Denver Nuggets
290,Denver Nuggets,Milwaukee Bucks
291,Charlotte Hornets,Atlanta Hawks
292,Atlanta Hawks,Charlotte Hornets
293,Toronto Raptors,Utah Jazz
294,Utah Jazz,Toronto Raptors
295,Detroit Pistons,New York Knicks
296,New York Knicks,Detroit Pistons
297,Chicago Bulls,Brooklyn Nets
298,Brooklyn Nets,Chicago Bulls
299,Oklahoma City Thunder,Boston Celtics
300,Boston Celtics,Oklahoma City Thunder
301,San Antonio Spurs,Cleveland Cavaliers
302,Cleveland Cavaliers,San Antonio Spurs
303,New Orleans Pelicans,Minnesota Timberwolves
304,Minnesota Timberwolves,New Orleans Pelicans
305,Toronto Raptors,Sacramento Kings
306,Sacramento Kings,Toronto Raptors
307,Miami Heat,Washington Wizards
308,Washington Wizards,Miami Heat
309,Milwaukee Bucks,Phoenix Suns
310,Phoenix Suns,Milwaukee Bucks
311,Indiana Pacers,Dallas Mavericks
312,Dallas Mavericks,Indiana Pacers
313,Orlando Magic,Houston Rockets
314,Houston Rockets,Orlando Magic
315,Sacramento Kings,Portland Trail Blazers
316,Portland Trail Blazers,Sacramento Kings
317,Houston Rockets,Charlotte Hornets
318,Charlotte Hornets,Houston Rockets
319,Denver Nuggets,Cleveland Cavaliers
320,Cleveland Cavaliers,Denver Nuggets
321,Utah Jazz,Detroit Pistons
322,Detroit Pistons,Utah Jazz
323,Philadelphia 76ers,Golden State Warriors
324,Golden State Warriors,Philadelphia 76ers
325,Atlanta Hawks,Washington Wizards
326,Washington Wizards,Atlanta Hawks
327,San Antonio Spurs,Brooklyn Nets
328,Brooklyn Nets,San Antonio Spurs
329,Oklahoma City Thunder,New York Knicks
330,New York Knicks,Oklahoma City Thunder
331,Orlando Magic,Minnesota Timberwolves
332,Minnesota Timberwolves,Orlando Magic
333,Memphis Grizzlies,Dallas Mavericks
334,Dallas Mavericks,Memphis Grizzlies
335,Utah Jazz,Boston Celtics
336,Boston Celtics,Utah Jazz
337,Milwaukee Bucks,Los Angeles Lakers
338,Los Angeles Lakers,Milwaukee Bucks
339,Denver Nuggets,Charlotte Hornets
340,Charlotte Hornets,Denver Nuggets
341,Philadelphia 76ers,Sacramento Kings
342,Sacramento Kings,Philadelphia 76ers
343,Toronto Raptors,Golden State Warriors
344,Golden State Warriors,Toronto Raptors
345,Los Angeles Clippers,Houston Rockets
346,Houston Rockets,Los Angeles Clippers
347,Utah Jazz,New York Knicks
348,New York Knicks,Utah Jazz
349,Chicago Bulls,Minnesota Timberwolves
350,Minnesota Timberwolves,Chicago Bulls
351,Washington Wizards,Portland Trail Blazers
352,Portland Trail Blazers,Washington Wizards
353,Boston Celtics,Cleveland Cavaliers
354,Cleveland Cavaliers,Boston Celtics
355,Oklahoma City Thunder,Detroit Pistons
356,Detroit Pistons,Oklahoma City Thunder
357,New Orleans Pelicans,Dallas Mavericks
358,Dallas Mavericks,New Orleans Pelicans
359,Indiana Pacers,Milwaukee Bucks
360,Milwaukee Bucks,Indiana Pacers
361,Washington Wizards,Sacramento Kings
362,Sacramento Kings,Washington Wizards
363,Toronto Raptors,Phoenix Suns
364,Phoenix Suns,Toronto Raptors
365,San Antonio Spurs,Charlotte Hornets
366,Charlotte Hornets,San Antonio Spurs
367,Philadelphia 76ers,Los Angeles Lakers
368,Los Angeles Lakers,Philadelphia 76ers
369,Golden State Warriors,Denver Nuggets
370,Denver Nuggets,Golden State Warriors
371,Houston Rockets,New York Knicks
372,New York Knicks,Houston Rockets
373,Portland Trail Blazers,Orlando Magic
374,Orlando Magic,Portland Trail Blazers
375,Utah Jazz,Cleveland Cavaliers
376,Cleveland Cavaliers,Utah Jazz
377,Indiana Pacers,San Antonio Spurs
378,San Antonio Spurs,Indiana Pacers
379,Dallas Mavericks,Chicago Bulls
380,Chicago Bulls,Dallas Mavericks
381,Dallas Mavericks,Minnesota Timberwolves
382,Minnesota Timberwolves,Dallas Mavericks
383,Los Angeles Lakers,New Orleans Pelicans
384,New Orleans Pelicans,Los Angeles Lakers
385,Washington Wizards,Golden State Warriors
386,Golden State Warriors,Washington Wizards
387,Milwaukee Bucks,Charlotte Hornets
388,Charlotte Hornets,Milwaukee Bucks
389,Detroit Pistons,Sacramento Kings
390,Sacramento Kings,Detroit Pistons
391,Philadelphia 76ers,Los Angeles Clippers
392,Los Angeles Clippers,Philadelphia 76ers
393,Orlando Magic,San Antonio Spurs
394,San Antonio Spurs,Orlando Magic
395,Brooklyn Nets,Miami Heat
396,Miami Heat,Brooklyn Nets
397,Portland Trail Blazers,Atlanta Hawks
398,Atlanta Hawks,Portland Trail Blazers
399,Chicago Bulls,New York Knicks
400,New York Knicks,Chicago Bulls
401,Golden State Warriors,Phoenix Suns
402,Phoenix Suns,Golden State Warriors
403,Los Angeles Lakers,Memphis Grizzlies
404,Memphis Grizzlies,Los Angeles Lakers
405,Houston Rockets,Boston Celtics
406,Boston Celtics,Houston Rockets
407,Sacramento Kings,Memphis Grizzlies
408,Memphis Grizzlies,Sacramento Kings
409,Washington Wizards,Utah Jazz
410,Utah Jazz,Washington Wizards
411,Oklahoma City Thunder,Milwaukee Bucks
412,Milwaukee Bucks,Oklahoma City Thunder
413,Detroit Pistons,Phoenix Suns
414,Phoenix Suns,Detroit Pistons
415,Charlotte Hornets,Toronto Raptors
416,Toronto Raptors,Charlotte Hornets
417,Dallas Mavericks,Miami Heat
418,Miami Heat,Dallas Mavericks
419,Cleveland Cavaliers,New Orleans Pelicans
420,New Orleans Pelicans,Cleveland Cavaliers
421,Los Angeles Lakers,Golden State Warriors
422,Golden State Warriors,Los Angeles Lakers
423,Portland Trail Blazers,Indiana Pacers
424,Indiana Pacers,Portland Trail Blazers
425,Sacramento Kings,Oklahoma City Thunder
426,Oklahoma City Thunder,Sacramento Kings
427,Orlando Magic,Atlanta Hawks
428,Atlanta Hawks,Orlando Magic
429,New York Knicks,Charlotte Hornets
430,Charlotte Hornets,New York Knicks
431,Minnesota Timberwolves,Miami Heat
432,Miami Heat,Minnesota Timberwolves
433,Memphis Grizzlies,Houston Rockets
434,Houston Rockets,Memphis Grizzlies
435,Sacramento Kings,Golden State Warriors
436,Golden State Warriors,Sacramento Kings
437,Charlotte Hornets,Indiana Pacers
438,Indiana Pacers,Charlotte Hornets
439,Detroit Pistons,Denver Nuggets
440,Denver Nuggets,Detroit Pistons
441,Oklahoma City Thunder,Chicago Bulls
442,Chicago Bulls,Oklahoma City Thunder
443,Memphis Grizzlies,Los Angeles Clippers
444,Los Angeles Clippers,Memphis Grizzlies
445,Atlanta Hawks,Philadelphia 76ers
446,Philadelphia 76ers,Atlanta Hawks
447,Miami Heat,Cleveland Cavaliers
448,Cleveland Cavaliers,Miami Heat
449,New Orleans Pelicans,Golden State Warriors
450,Golden State Warriors,New Orleans Pelicans
451,Detroit Pistons,Portland Trail Blazers
452,Portland Trail Blazers,Detroit Pistons
453,Indiana Pacers,Toronto Raptors
454,Toronto Raptors,Indiana Pacers
455,Boston Celtics,Los Angeles Lakers
456,Los Angeles Lakers,Boston Celtics
457,San Antonio Spurs,Oklahoma City Thunder
458,Oklahoma City Thunder,San Antonio Spurs
459,Minnesota Timberwolves,Denver Nuggets
460,Denver Nuggets,Minnesota Timberwolves
461,Houston Rockets,Utah Jazz
462,Utah Jazz,Houston Rockets
463,Dallas Mavericks,Atlanta Hawks
464,Atlanta Hawks,Dallas Mavericks
465,Philadelphia 76ers,Milwaukee Bucks
466,Milwaukee Bucks,Philadelphia 76ers
467,Phoenix Suns,Chicago Bulls
468,Chicago Bulls,Phoenix Suns
469,Sacramento Kings,Los Angeles Clippers
470,Los Angeles Clippers,Sacramento Kings
471,Cleveland Cavaliers,Washington Wizards
472,Washington Wizards,Cleveland Cavaliers
473,Dallas Mavericks,Orlando Magic
474,Orlando Magic,Dallas Mavericks
475,New Orleans Pelicans,Portland Trail Blazers
476,Portland Trail Blazers,New Orleans Pelicans
477,Boston Celtics,Minnesota Timberwolves
478,Minnesota Timberwolves,Boston Celtics
479,Miami Heat,Atlanta Hawks
480,Atlanta Hawks,Miami Heat
481,Brooklyn Nets,Philadelphia 76ers
482,Philadelphia 76ers,Brooklyn Nets
483,Houston Rockets,Golden State Warriors
484,Golden State Warriors,Houston Rockets
485,Milwaukee Bucks,Detroit Pistons
486,Detroit Pistons,Milwaukee Bucks
487,Charlotte Hornets,Chicago Bulls
488,Chicago Bulls,Charlotte Hornets
489,Los Angeles Clippers,Boston Celtics
490,Boston Celtics,Los Angeles Clippers
491,Detroit Pistons,Orlando Magic
492,Orlando Magic,Detroit Pistons
493,Atlanta Hawks,Cleveland Cavaliers
494,Cleveland Cavaliers,Atlanta Hawks
495,Charlotte Hornets,Minnesota Timberwolves
496,Minnesota Timberwolves,Charlotte Hornets
497,Miami Heat,Utah Jazz
498,Utah Jazz,Miami Heat
499,Miami Heat,Golden State Warriors
500,Golden State Warriors,Miami Heat
501,Brooklyn Nets,Indiana Pacers
502,Indiana Pacers,Brooklyn Nets
503,Phoenix Suns,Los Angeles Lakers
504,Los Angeles Lakers,Phoenix Suns
505,Charlotte Hornets,Detroit Pistons
506,Detroit Pistons,Charlotte Hornets
507,Minnesota Timberwolves,Toronto Raptors
508,Toronto Raptors,Minnesota Timberwolves
509,Sacramento Kings,Milwaukee Bucks
510,Milwaukee Bucks,Sacramento Kings
511,Miami Heat,Portland Trail Blazers
512,Portland Trail Blazers,Miami Heat
513,Chicago Bulls,Philadelphia 76ers
514,Philadelphia 76ers,Chicago Bulls
515,Memphis Grizzlies,Washington Wizards
516,Washington Wizards,Memphis Grizzlies
517,Los Angeles Clippers,Cleveland Cavaliers
518,Cleveland Cavaliers,Los Angeles Clippers
519,Denver Nuggets,Phoenix Suns
520,Phoenix Suns,Denver Nuggets
521,New Orleans Pelicans,Indiana Pacers
522,Indiana Pacers,New Orleans Pelicans
523,Atlanta Hawks,Boston Celtics
524,Boston Celtics,Atlanta Hawks
525,Dallas Mavericks,Washington Wizards
526,Washington Wizards,Dallas Mavericks
527,Miami Heat,Sacramento Kings
528,Sacramento Kings,Miami Heat
529,Houston Rockets,Phoenix Suns
530,Phoenix Suns,Houston Rockets
531,Memphis Grizzlies,Philadelphia 76ers
532,Philadelphia 76ers,Memphis Grizzlies
533,San Antonio Spurs,Portland Trail Blazers
534,Portland Trail Blazers,San Antonio Spurs
535,Orlando Magic,New York Knicks
536,New York Knicks,Orlando Magic
537,New Orleans Pelicans,Chicago Bulls
538,Chicago Bulls,New Orleans Pelicans
539,Cleveland Cavaliers,Oklahoma City Thunder
540,Oklahoma City Thunder,Cleveland Cavaliers
541,Miami Heat,Los Angeles Clippers
542,Los Angeles Clippers,Miami Heat
543,Atlanta Hawks,Minnesota Timberwolves
544,Minnesota Timberwolves,Atlanta Hawks
545,Milwaukee Bucks,New Orleans Pelicans
546,New Orleans Pelicans,Milwaukee Bucks
547,San Antonio Spurs,Los Angeles Clippers
548,Los Angeles Clippers,San Antonio Spurs
549,Detroit Pistons,Memphis Grizzlies
550,Memphis Grizzlies,Detroit Pistons
551,Phoenix Suns,Brooklyn Nets
552,Brooklyn Nets,Phoenix Suns
553,Minnesota Timberwolves,Sacramento Kings
554,Sacramento Kings,Minnesota Timberwolves
555,Orlando Magic,Charlotte Hornets
556,Charlotte Hornets,Orlando Magic
557,Philadelphia 76ers,Miami Heat
558,Miami Heat,Philadelphia 76ers
559,Chicago Bulls,Toronto Raptors
560,Toronto Raptors,Chicago Bulls
561,New Orleans Pelicans,Houston Rockets
562,Houston Rockets,New Orleans Pelicans
563,Golden State Warriors,Cleveland Cavaliers
564,Cleveland Cavaliers,Golden State Warriors
565,Toronto Raptors,Detroit Pistons
566,Detroit Pistons,Toronto Raptors
567,Golden State Warriors,Boston Celtics
568,Boston Celtics,Golden State Warriors
569,Charlotte Hornets,Washington Wizards
570,Washington Wizards,Charlotte Hornets
571,Toronto Raptors,Cleveland Cavaliers
572,Cleveland Cavaliers,Toronto Raptors
573,Memphis Grizzlies,New York Knicks
574,New York Knicks,Memphis Grizzlies
575,Detroit Pistons,Brooklyn Nets
576,Brooklyn Nets,Detroit Pistons
577,Denver Nuggets,Memphis Grizzlies
578,Memphis Grizzlies,Denver Nuggets
579,Atlanta Hawks,Toronto Raptors
580,Toronto Raptors,Atlanta Hawks
581,Dallas Mavericks,Oklahoma City Thunder
582,Oklahoma City Thunder,Dallas Mavericks
583,San Antonio Spurs,Chicago Bulls
584,Chicago Bulls,San Antonio Spurs
585,Phoenix Suns,Memphis Grizzlies
586,Memphis Grizzlies,Phoenix Suns
587,Boston Celtics,New Orleans Pelicans
588,New Orleans Pelicans,Boston Celtics
589,Los Angeles Clippers,Orlando Magic
590,Orlando Magic,Los Angeles Clippers
591,Brooklyn Nets,New York Knicks
592,New York Knicks,Brooklyn Nets
593,Oklahoma City Thunder,Minnesota Timberwolves
594,Minnesota Timberwolves,Oklahoma City Thunder
595,Indiana Pacers,Golden State Warriors
596,Golden State Warriors,Indiana Pacers
597,Sacramento Kings,Chicago Bulls
598,Chicago Bulls,Sacramento Kings
599,Atlanta Hawks,Oklahoma City Thunder
600,Oklahoma City Thunder,Atlanta Hawks
601,Phoenix Suns,San Antonio Spurs
602,San Antonio Spurs,Phoenix Suns
603,Denver Nuggets,New Orleans Pelicans
604,New Orleans Pelicans,Denver Nuggets
605,Los Angeles Clippers,Atlanta Hawks
606,Atlanta Hawks,Los Angeles Clippers
607,Utah Jazz,Golden State Warriors
608,Golden State Warriors,Utah Jazz
609,Los Angeles Lakers,New York Knicks
610,New York Knicks,Los Angeles Lakers
611,Golden State Warriors,Portland Trail Blazers
612,Portland Trail Blazers,Golden State Warriors
613,Indiana Pacers,Utah Jazz
614,Utah Jazz,Indiana Pacers
615,Chicago Bulls,Milwaukee Bucks
616,Milwaukee Bucks,Chicago Bulls
617,Detroit Pistons,Washington Wizards
618,Washington Wizards,Detroit Pistons
619,Miami Heat,San Antonio Spurs
620,San Antonio Spurs,Miami Heat
621,Indiana Pacers,Denver Nuggets
622,Denver Nuggets,Indiana Pacers
623,Orlando Magic,Golden State Warriors
624,Golden State Warriors,Orlando Magic
625,Phoenix Suns,Boston Celtics
626,Boston Celtics,Phoenix Suns
627,Sacramento Kings,Utah Jazz
628,Utah Jazz,Sacramento Kings
629,Portland Trail Blazers,Oklahoma City Thunder
630,Oklahoma City Thunder,Portland Trail Blazers
631,Cleveland Cavaliers,Memphis Grizzlies
632,Memphis Grizzlies,Cleveland Cavaliers
633,Atlanta Hawks,San Antonio Spurs
634,San Antonio Spurs,Atlanta Hawks
635,Minnesota Timberwolves,Indiana Pacers
636,Indiana Pacers,Minnesota Timberwolves
637,Washington Wizards,Toronto Raptors
638,Toronto Raptors,Washington Wizards
639,Phoenix Suns,New York Knicks
640,New York Knicks,Phoenix Suns
641,Detroit Pistons,Boston Celtics
642,Boston Celtics,Detroit Pistons
643,Toronto Raptors,Oklahoma City Thunder
644,Oklahoma City Thunder,Toronto Raptors
645,Orlando Magic,Los Angeles Lakers
646,Los Angeles Lakers,Orlando Magic
647,Utah Jazz,Brooklyn Nets
648,Brooklyn Nets,Utah Jazz
649,Phoenix Suns,Atlanta Hawks
650,Atlanta Hawks,Phoenix Suns
651,Dallas Mavericks,Golden State Warriors
652,Golden State Warriors,Dallas Mavericks
653,Chicago Bulls,Boston Celtics
654,Boston Celtics,Chicago Bulls
655,Charlotte Hornets,Portland Trail Blazers
656,Portland Trail Blazers,Charlotte Hornets
657,Cleveland Cavaliers,Los Angeles Lakers
658,Los Angeles Lakers,Cleveland Cavaliers
659,New Orleans Pelicans,Detroit Pistons
660,Detroit Pistons,New Orleans Pelicans
661,Charlotte Hornets,Phoenix Suns
662,Phoenix Suns,Charlotte Hornets
663,Golden State Warriors,Memphis Grizzlies
664,Memphis Grizzlies,Golden State Warriors
665,Miami Heat,New York Knicks
666,New York Knicks,Miami Heat
667,Philadelphia 76ers,Dallas Mavericks
668,Dallas Mavericks,Philadelphia 76ers
669,Chicago Bulls,Detroit Pistons
670,Detroit Pistons,Chicago Bulls
671,Milwaukee Bucks,Portland Trail Blazers
672,Portland Trail Blazers,Milwaukee Bucks
673,Charlotte Hornets,Utah Jazz
674,Utah Jazz,Charlotte Hornets
675,New Orleans Pelicans,New York Knicks
676,New York Knicks,New Orleans Pelicans
677,Orlando Magic,Phoenix Suns
678,Phoenix Suns,Orlando Magic
679,Portland Trail Blazers,Minnesota Timberwolves
680,Minnesota Timberwolves,Portland Trail Blazers
681,San Antonio Spurs,Boston Celtics
682,Boston Celtics,San Antonio Spurs
683,Houston Rockets,Atlanta Hawks
684,Atlanta Hawks,Houston Rockets
685,Minnesota Timberwolves,Memphis Grizzlies
686,Memphis Grizzlies,Minnesota Timberwolves
687,Oklahoma City Thunder,Brooklyn Nets
688,Brooklyn Nets,Oklahoma City Thunder
689,Portland Trail Blazers,Toronto Raptors
690,Toronto Raptors,Portland Trail Blazers
691,Oklahoma City Thunder,Philadelphia 76ers
692,Philadelphia 76ers,Oklahoma City Thunder
693,Denver Nuggets,Atlanta Hawks
694,Atlanta Hawks,Denver Nuggets
695,Milwaukee Bucks,San Antonio Spurs
696,San Antonio Spurs,Milwaukee Bucks
697,New York Knicks,Los Angeles Clippers
698,Los Angeles Clippers,New York Knicks
699,Minnesota Timberwolves,Cleveland Cavaliers
700,Cleveland Cavaliers,Minnesota Timberwolves
701,Detroit Pistons,Los Angeles Lakers
702,Los Angeles Lakers,Detroit Pistons
703,Utah Jazz,Orlando Magic
704,Orlando Magic,Utah Jazz
705,Denver Nuggets,Washington Wizards
706,Washington Wizards,Denver Nuggets
707,Indiana Pacers,Atlanta Hawks
708,Atlanta Hawks,Indiana Pacers
709,Brooklyn Nets,Dallas Mavericks
710,Dallas Mavericks,Brooklyn Nets
711,Utah Jazz,Chicago Bulls
712,Chicago Bulls,Utah Jazz
713,Golden State Warriors,Minnesota Timberwolves
714,Minnesota Timberwolves,Golden State Warriors
715,Detroit Pistons,Los Angeles Clippers
716,Los Angeles Clippers,Detroit Pistons
717,Minnesota Timberwolves,Milwaukee Bucks
718,Milwaukee Bucks,Minnesota Timberwolves
719,Portland Trail Blazers,New York Knicks
720,New York Knicks,Portland Trail Blazers
721,Golden State Warriors,San Antonio Spurs
722,San Antonio Spurs,Golden State Warriors
723,Boston Celtics,Charlotte Hornets
724,Charlotte Hornets,Boston Celtics
725,Brooklyn Nets,Minnesota Timberwolves
726,Minnesota Timberwolves,Brooklyn Nets
727,Charlotte Hornets,Memphis Grizzlies
728,Memphis Grizzlies,Charlotte Hornets
729,Utah Jazz,Los Angeles Clippers
730,Los Angeles Clippers,Utah Jazz
731,Detroit Pistons,San Antonio Spurs
732,San Antonio Spurs,Detroit Pistons
733,Brooklyn Nets,Houston Rockets
734,Houston Rockets,Brooklyn Nets
735,Milwaukee Bucks,Atlanta Hawks
736,Atlanta Hawks,Milwaukee Bucks
737,Chicago Bulls,Orlando Magic
738,Orlando Magic,Chicago Bulls
739,Dallas Mavericks,Toronto Raptors
740,Toronto Raptors,Dallas Mavericks
741,Sacramento Kings,Indiana Pacers
742,Indiana Pacers,Sacramento Kings
743,Utah Jazz,Atlanta Hawks
744,Atlanta Hawks,Utah Jazz
745,Boston Celtics,Dallas Mavericks
746,Dallas Mavericks,Boston Celtics
747,Orlando Magic,Denver Nuggets
748,Denver Nuggets,Orlando Magic
749,Brooklyn Nets,New Orleans Pelicans
750,New Orleans Pelicans,Brooklyn Nets
751,Sacramento Kings,Charlotte Hornets
752,Charlotte Hornets,Sacramento Kings
753,Miami Heat,Memphis Grizzlies
754,Memphis Grizzlies,Miami Heat
755,New York Knicks,Denver Nuggets
756,Denver Nuggets,New York Knicks
757,Los Angeles Lakers,Atlanta Hawks
758,Atlanta Hawks,Los Angeles Lakers
759,Detroit Pistons,Houston Rockets
760,Houston Rockets,Detroit Pistons
761,Los Angeles Clippers,Chicago Bulls
762,Chicago Bulls,Los Angeles Clippers
763,Cleveland Cavaliers,Milwaukee Bucks
764,Milwaukee Bucks,Cleveland Cavaliers
765,New York Knicks,Sacramento Kings
766,Sacramento Kings,New York Knicks
767,New Orleans Pelicans,Philadelphia 76ers
768,Philadelphia 76ers,New Orleans Pelicans
769,Dallas Mavericks,Detroit Pistons
770,Detroit Pistons,Dallas Mavericks
771,New York Knicks,Golden State Warriors
772,Golden State Warriors,New York Knicks
773,Houston Rockets,Cleveland Cavaliers
774,Cleveland Cavaliers,Houston Rockets
775,Los Angeles Clippers,Toronto Raptors
776,Toronto Raptors,Los Angeles Clippers
777,Denver Nuggets,Philadelphia 76ers
778,Philadelphia 76ers,Denver Nuggets
779,Minnesota Timberwolves,Phoenix Suns
780,Phoenix Suns,Minnesota Timberwolves
781,Los Angeles Clippers,Indiana Pacers
782,Indiana Pacers,Los Angeles Clippers
783,Los Angeles Clippers,Washington Wizards
784,Washington Wizards,Los Angeles Clippers
785,Denver Nuggets,Brooklyn Nets
786,Brooklyn Nets,Denver Nuggets
787,Chicago Bulls,Miami Heat
788,Miami Heat,Chicago Bulls
789,Los Angeles Clippers,Milwaukee Bucks
790,Milwaukee Bucks,Los Angeles Clippers
791,Indiana Pacers,Detroit Pistons
792,Detroit Pistons,Indiana Pacers
793,Denver Nuggets,Boston Celtics
794,Boston Celtics,Denver Nuggets
795,Orlando Magic,Cleveland Cavaliers
796,Cleveland Cavaliers,Orlando Magic
797,Houston Rockets,Toronto Raptors
798,Toronto Raptors,Houston Rockets
799,Memphis Grizzlies,Chicago Bulls
800,Chicago Bulls,Memphis Grizzlies
801,Indiana Pacers,Oklahoma City Thunder
802,Oklahoma City Thunder,Indiana Pacers
803,Golden State Warriors,Charlotte Hornets
804,Charlotte Hornets,Golden State Warriors
805,Utah Jazz,Philadelphia 76ers
806,Philadelphia 76ers,Utah Jazz
807,Golden State Warriors,Atlanta Hawks
808,Atlanta Hawks,Golden State Warriors
809,Indiana Pacers,Memphis Grizzlies
810,Memphis Grizzlies,Indiana Pacers
811,Boston Celtics,New York Knicks
812,New York Knicks,Boston Celtics
813,Washington Wizards,Los Angeles Lakers
814,Los Angeles Lakers,Washington Wizards
815,Chicago Bulls,Portland Trail Blazers
816,Portland Trail Blazers,Chicago Bulls
817,Minnesota Timberwolves,San Antonio Spurs
818,San Antonio Spurs,Minnesota Timberwolves
819,Miami Heat,Houston Rockets
820,Houston Rockets,Miami Heat
821,Brooklyn Nets,Cleveland Cavaliers
822,Cleveland Cavaliers,Brooklyn Nets
823,Utah Jazz,Milwaukee Bucks
824,Milwaukee Bucks,Utah Jazz
825,Sacramento Kings,Boston Celtics
826,Boston Celtics,Sacramento Kings
827,Oklahoma City Thunder,Golden State Warriors
828,Golden State Warriors,Oklahoma City Thunder
829,San Antonio Spurs,New York Knicks
830,New York Knicks,San Antonio Spurs
831,Portland Trail Blazers,Cleveland Cavaliers
832,Cleveland Cavaliers,Portland Trail Blazers
833,Cleveland Cavaliers,Dallas Mavericks
834,Dallas Mavericks,Cleveland Cavaliers
835,San Antonio Spurs,Washington Wizards
836,Washington Wizards,San Antonio Spurs
837,Washington Wizards,Minnesota Timberwolves
838,Minnesota Timberwolves,Washington Wizards
839,Dallas Mavericks,New York Knicks
840,New York Knicks,Dallas Mavericks
841,Detroit Pistons,Miami Heat
842,Miami Heat,Detroit Pistons
843,Charlotte Hornets,Philadelphia 76ers
844,Philadelphia 76ers,Charlotte Hornets
845,Houston Rockets,Chicago Bulls
846,Chicago Bulls,Houston Rockets
847,New Orleans Pelicans,Charlotte Hornets
848,Charlotte Hornets,New Orleans Pelicans
849,Sacramento Kings,Atlanta Hawks
850,Atlanta Hawks,Sacramento Kings
851,Los Angeles Lakers,Chicago Bulls
852,Chicago Bulls,Los Angeles Lakers
853,Minnesota Timberwolves,Philadelphia 76ers
854,Philadelphia 76ers,Minnesota Timberwolves
855,Houston Rockets,Washington Wizards
856,Washington Wizards,Houston Rockets
857,Charlotte Hornets,Los Angeles Clippers
858,Los Angeles Clippers,Charlotte Hornets
859,Charlotte Hornets,Los Angeles Lakers
860,Los Angeles Lakers,Charlotte Hornets
861,Cleveland Cavaliers,Sacramento Kings
862,Sacramento Kings,Cleveland Cavaliers
863,Cleveland Cavaliers,Phoenix Suns
864,Phoenix Suns,Cleveland Cavaliers
865,Atlanta Hawks,New Orleans Pelicans
866,New Orleans Pelicans,Atlanta Hawks
867,New York Knicks,Minnesota Timberwolves
868,Minnesota Timberwolves,New York Knicks
869,Chicago Bulls,Denver Nuggets
870,Denver Nuggets,Chicago Bulls
871,Miami Heat,Charlotte Hornets
872,Charlotte Hornets,Miami Heat
873,Chicago Bulls,Charlotte Hornets
874,Charlotte Hornets,Chicago Bulls
875,Charlotte Hornets,Atlanta Hawks
876,Atlanta Hawks,Charlotte Hornets
877,Philadelphia 76ers,Charlotte Hornets
878,Charlotte Hornets,Philadelphia 76ers
879,Charlotte Hornets,Boston Celtics
880,Boston Celtics,Charlotte Hornets
881,Charlotte Hornets,Washington Wizards
882,Washington Wizards,Charlotte Hornets
883,Charlotte Hornets,Cleveland Cavaliers
884,Cleveland Cavaliers,Charlotte Hornets
885,Orlando Magic,Charlotte Hornets
886,Charlotte Hornets,Orlando Magic
887,Brooklyn Nets,Charlotte Hornets
888,Charlotte Hornets,Brooklyn Nets
889,Houston Rockets,Charlotte Hornets
890,Charlotte Hornets,Houston Rockets
891,Portland Trail Blazers,Charlotte Hornets
892,Charlotte Hornets,Portland Trail Blazers
893,Charlotte Hornets,Milwaukee Bucks
894,Milwaukee Bucks,Charlotte Hornets
895,Minnesota Timberwolves,Charlotte Hornets
896,Charlotte Hornets,Minnesota Timberwolves
897,Denver Nuggets,Charlotte Hornets
898,Charlotte Hornets,Denver Nuggets
899,Charlotte Hornets,Memphis Grizzlies
900,Memphis Grizzlies,Charlotte Hornets
901,Indiana Pacers,Charlotte Hornets
902,Charlotte Hornets,Indiana Pacers
903,Charlotte Hornets,Oklahoma City Thunder
904,Oklahoma City Thunder,Charlotte Hornets
905,Charlotte Hornets,San Antonio Spurs
906,San Antonio Spurs,Charlotte Hornets
907,New Orleans Pelicans,Charlotte Hornets
908,Charlotte Hornets,New Orleans Pelicans
909,Detroit Pistons,Charlotte Hornets
910,Charlotte Hornets,Detroit Pistons
911,Dallas Mavericks,Charlotte Hornets
912,Charlotte Hornets,Dallas Mavericks
913,Charlotte Hornets,Golden State Warriors
914,Golden State Warriors,Charlotte Hornets
915,Charlotte Hornets,Phoenix Suns
916,Phoenix Suns,Charlotte Hornets
917,Charlotte Hornets,Los Angeles Lakers
918,Los Angeles Lakers,Charlotte Hornets
919,Charlotte Hornets,New York Knicks
920,New York Knicks,Charlotte Hornets
921,Los Angeles Clippers,Charlotte Hornets
922,Charlotte Hornets,Los Angeles Clippers
923,Toronto Raptors,Charlotte Hornets
924,Charlotte Hornets,Toronto Raptors
925,Charlotte Hornets,Sacramento Kings
926,Sacramento Kings,Charlotte Hornets
927,Charlotte Hornets,Utah Jazz
928,Utah Jazz,Charlotte Hornets
929,New Orleans Pelicans,Dallas Mavericks
930,Dallas Mavericks,New Orleans Pelicans
931,Los Angeles Clippers,New Orleans Pelicans
932,New Orleans Pelicans,Los Angeles Clippers
933,New Orleans Pelicans,Sacramento Kings
934,Sacramento Kings,New Orleans Pelicans
935,New Orleans Pelicans,Los Angeles Lakers
936,Los Angeles Lakers,New Orleans Pelicans
937,New Orleans Pelicans,Phoenix Suns
938,Phoenix Suns,New Orleans Pelicans
939,New Orleans Pelicans,Utah Jazz
940,Utah Jazz,New Orleans Pelicans
941,New Orleans Pelicans,Golden State Warriors
942,Golden State Warriors,New Orleans Pelicans
943,Cleveland Cavaliers,New Orleans Pelicans
944,New Orleans Pelicans,Cleveland Cavaliers
945,Miami Heat,New Orleans Pelicans
946,New Orleans Pelicans,Miami Heat
947,Denver Nuggets,New Orleans Pelicans
948,New Orleans Pelicans,Denver Nuggets
949,Memphis Grizzlies,New Orleans Pelicans
950,New Orleans Pelicans,Memphis Grizzlies
951,Boston Celtics,New Orleans Pelicans
952,New Orleans Pelicans,Boston Celtics
953,New Orleans Pelicans,Minnesota Timberwolves
954,Minnesota Timberwolves,New Orleans Pelicans
955,New Orleans Pelicans,Washington Wizards
956,Washington Wizards,New Orleans Pelicans
957,New Orleans Pelicans,Brooklyn Nets
958,Brooklyn Nets,New Orleans Pelicans
959,Portland Trail Blazers,New Orleans Pelicans
960,New Orleans Pelicans,Portland Trail Blazers
961,Orlando Magic,New Orleans Pelicans
962,New Orleans Pelicans,Orlando Magic
963,Detroit Pistons,New Orleans Pelicans
964,New Orleans Pelicans,Detroit Pistons
965,New Orleans Pelicans,Oklahoma City Thunder
966,Oklahoma City Thunder,New Orleans Pelicans
967,Chicago Bulls,New Orleans Pelicans
968,New Orleans Pelicans,Chicago Bulls
969,New Orleans Pelicans,Toronto Raptors
970,Toronto Raptors,New Orleans Pelicans
971,New Orleans Pelicans,Atlanta Hawks
972,Atlanta Hawks,New Orleans Pelicans
973,Houston Rockets,New Orleans Pelicans
974,New Orleans Pelicans,Houston Rockets
975,New Orleans Pelicans,San Antonio Spurs
976,San Antonio Spurs,New Orleans Pelicans
977,New Orleans Pelicans,Philadelphia 76ers
978,Philadelphia 76ers,New Orleans Pelicans
979,New Orleans Pelicans,New York Knicks
980,New York Knicks,New Orleans Pelicans
981,New Orleans Pelicans,Charlotte Hornets
982,Charlotte Hornets,New Orleans Pelicans
983,Indiana Pacers,New Orleans Pelicans
984,New Orleans Pelicans,Indiana Pacers
985,Milwaukee Bucks,New Orleans Pelicans
986,New Orleans Pelicans,Milwaukee Bucks
987,Brooklyn Nets,Toronto Raptors
988,Toronto Raptors,Brooklyn Nets
989,Philadelphia 76ers,Brooklyn Nets
990,Brooklyn Nets,Philadelphia 76ers
991,Brooklyn Nets,Milwaukee Bucks
992,Milwaukee Bucks,Brooklyn Nets
993,New York Knicks,Brooklyn Nets
994,Brooklyn Nets,New York Knicks
995,Miami Heat,Brooklyn Nets
996,Brooklyn Nets,Miami Heat
997,Boston Celtics,Brooklyn Nets
998,Brooklyn Nets,Boston Celtics
999,Cleveland Cavaliers,Brooklyn Nets
1000,Brooklyn Nets,Cleveland Cavaliers
1001,Washington Wizards,Brooklyn Nets
1002,Brooklyn Nets,Washington Wizards
1003,Brooklyn Nets,Portland Trail Blazers
1004,Portland Trail Blazers,Brooklyn Nets
1005,Brooklyn Nets,Los Angeles Lakers
1006,Los Angeles Lakers,Brooklyn Nets
1007,Brooklyn Nets,Sacramento Kings
1008,Sacramento Kings,Brooklyn Nets
1009,Brooklyn Nets,Golden State Warriors
1010,Golden State Warriors,Brooklyn Nets
1011,Indiana Pacers,Brooklyn Nets
1012,Brooklyn Nets,Indiana Pacers
1013,Utah Jazz,Brooklyn Nets
1014,Brooklyn Nets,Utah Jazz
1015,Charlotte Hornets,Brooklyn Nets
1016,Brooklyn Nets,Charlotte Hornets
1017,Brooklyn Nets,Atlanta Hawks
1018,Atlanta Hawks,Brooklyn Nets
1019,New Orleans Pelicans,Brooklyn Nets
1020,Brooklyn Nets,New Orleans Pelicans
1021,Brooklyn Nets,Orlando Magic
1022,Orlando Magic,Brooklyn Nets
1023,Houston Rockets,Brooklyn Nets
1024,Brooklyn Nets,Houston Rockets
1025,Los Angeles Clippers,Brooklyn Nets
1026,Brooklyn Nets,Los Angeles Clippers
1027,Brooklyn Nets,Dallas Mavericks
1028,Dallas Mavericks,Brooklyn Nets
1029,Brooklyn Nets,Chicago Bulls
1030,Chicago Bulls,Brooklyn Nets
1031,Memphis Grizzlies,Brooklyn Nets
1032,Brooklyn Nets,Memphis Grizzlies
1033,San Antonio Spurs,Brooklyn Nets
1034,Brooklyn Nets,San Antonio Spurs
1035,Brooklyn Nets,Detroit Pistons
1036,Detroit Pistons,Brooklyn Nets
1037,Minnesota Timberwolves,Brooklyn Nets
1038,Brooklyn Nets,Minnesota Timberwolves
1039,Oklahoma City Thunder,Brooklyn Nets
1040,Brooklyn Nets,Oklahoma City Thunder
1041,Brooklyn Nets,Phoenix Suns
1042,Phoenix Suns,Brooklyn Nets
1043,Brooklyn Nets,Denver Nuggets
1044,Denver Nuggets,Brooklyn Nets
